"01.11Z","Culture et production animale, chasse et services annexes","Agriculture","Culture de céréales (à l'exception du riz), de légumineuses et de graines oléagineuses"
"01.12Z","Culture et production animale, chasse et services annexes","Agriculture","Culture du riz"
"01.13Z","Culture et production animale, chasse et services annexes","Agriculture","Culture de légumes, de melons, de racines et de tubercules"
"01.14Z","Culture et production animale, chasse et services annexes","Agriculture","Culture de la canne à sucre"
"01.15Z","Culture et production animale, chasse et services annexes","Agriculture","Culture du tabac"
"01.16Z","Culture et production animale, chasse et services annexes","Agriculture","Culture de plantes à fibres"
"01.19Z","Culture et production animale, chasse et services annexes","Agriculture","Autres cultures non permanentes"
"01.21Z","Culture et production animale, chasse et services annexes","Agriculture","Culture de la vigne"
"01.22Z","Culture et production animale, chasse et services annexes","Agriculture","Culture de fruits tropicaux et subtropicaux"
"01.23Z","Culture et production animale, chasse et services annexes","Agriculture","Culture d'agrumes"
"01.24Z","Culture et production animale, chasse et services annexes","Agriculture","Culture de fruits à pépins et à noyau"
"01.25Z","Culture et production animale, chasse et services annexes","Agriculture","Culture d'autres fruits d'arbres ou d'arbustes et de fruits à coque"
"01.26Z","Culture et production animale, chasse et services annexes","Agriculture","Culture de fruits oléagineux"
"01.27Z","Culture et production animale, chasse et services annexes","Agriculture","Culture de plantes à boissons"
"01.28Z","Culture et production animale, chasse et services annexes","Agriculture","Culture de plantes à épices, aromatiques, médicinales et pharmaceutiques"
"01.29Z","Culture et production animale, chasse et services annexes","Agriculture","Autres cultures permanentes"
"01.30Z","Culture et production animale, chasse et services annexes","Agriculture","Reproduction de plantes"
"01.41Z","Culture et production animale, chasse et services annexes","Agriculture","Élevage de vaches laitières"
"01.42Z","Culture et production animale, chasse et services annexes","Agriculture","Élevage d'autres bovins et de buffles"
"01.43Z","Culture et production animale, chasse et services annexes","Agriculture","Élevage de chevaux et d'autres équidés"
"01.44Z","Culture et production animale, chasse et services annexes","Agriculture","Élevage de chameaux et d'autres camélidés"
"01.45Z","Culture et production animale, chasse et services annexes","Agriculture","Élevage d'ovins et de caprins"
"01.46Z","Culture et production animale, chasse et services annexes","Agriculture","Élevage de porcins"
"01.47Z","Culture et production animale, chasse et services annexes","Agriculture","Élevage de volailles"
"01.49Z","Culture et production animale, chasse et services annexes","Agriculture","Élevage d'autres animaux"
"01.50Z","Culture et production animale, chasse et services annexes","Agriculture","Culture et élevage associés"
"01.61Z","Culture et production animale, chasse et services annexes","Agriculture","Activités de soutien aux cultures"
"01.62Z","Culture et production animale, chasse et services annexes","Agriculture","Activités de soutien à la production animale"
"01.63Z","Culture et production animale, chasse et services annexes","Agriculture","Traitement primaire des récoltes"
"01.64Z","Culture et production animale, chasse et services annexes","Agriculture","Traitement des semences"
"01.70Z","Culture et production animale, chasse et services annexes","Agriculture","Chasse, piégeage et services annexes"
"02.10Z","Sylviculture et exploitation forestière","Sylviculture","Sylviculture et autres activités forestières"
"02.20Z","Sylviculture et exploitation forestière","Sylviculture","Exploitation forestière"
"02.30Z","Sylviculture et exploitation forestière","Sylviculture","Récolte de produits forestiers non ligneux poussant à l'état sauvage"
"02.40Z","Sylviculture et exploitation forestière","Sylviculture","Services de soutien à l'exploitation forestière"
"03.11Z","Pêche et aquaculture","Pêche","Pêche en mer"
"03.12Z","Pêche et aquaculture","Pêche","Pêche en eau douce"
"03.21Z","Pêche et aquaculture","Pêche","Aquaculture en mer"
"03.22Z","Pêche et aquaculture","Pêche","Aquaculture en eau douce"
"05.10Z","Extraction de houille et de lignite",,"Extraction de houille"
"05.20Z","Extraction de houille et de lignite",,"Extraction de lignite"
"06.10Z","Extraction d'hydrocarbures",,"Extraction de pétrole brut"
"06.20Z","Extraction d'hydrocarbures",,"Extraction de gaz naturel"
"07.10Z","Extraction de minerais métalliques",,"Extraction de minerais de fer"
"07.21Z","Extraction de minerais métalliques",,"Extraction de minerais d'uranium et de thorium"
"07.29Z","Extraction de minerais métalliques",,"Extraction d'autres minerais de métaux non ferreux"
"08.11Z","Autres industries extractives",,"Extraction de pierres ornementales et de construction, de calcaire industriel, de gypse, de craie et d'ardoise"
"08.12Z","Autres industries extractives",,"Exploitation de gravières et sablières, extraction d’argiles et de kaolin"
"08.91Z","Autres industries extractives",,"Extraction des minéraux chimiques et d'engrais minéraux "
"08.92Z","Autres industries extractives",,"Extraction de tourbe"
"08.93Z","Autres industries extractives",,"Production de sel "
"08.99Z","Autres industries extractives",,"Autres activités extractives n.c.a."
"09.10Z","Services de soutien aux industries extractives",,"Activités de soutien à l'extraction d'hydrocarbures"
"09.90Z","Services de soutien aux industries extractives",,"Activités de soutien aux autres industries extractives "
"10.11Z","Industries alimentaires","Alimentation","Transformation et conservation de la viande de boucherie"
"10.12Z","Industries alimentaires","Alimentation","Transformation et conservation de la viande de volaille"
"10.13A","Industries alimentaires","Alimentation","Préparation industrielle de produits à base de viande"
"10.13B","Industries alimentaires","Alimentation","Charcuterie"
"10.20Z","Industries alimentaires","Alimentation","Transformation et conservation de poisson, de crustacés et de mollusques"
"10.31Z","Industries alimentaires","Alimentation","Transformation et conservation de pommes de terre"
"10.32Z","Industries alimentaires","Alimentation","Préparation de jus de fruits et légumes"
"10.39A","Industries alimentaires","Alimentation","Autre transformation et conservation de légumes"
"10.39B","Industries alimentaires","Alimentation","Transformation et conservation de fruits"
"10.41A","Industries alimentaires","Alimentation","Fabrication d'huiles et graisses brutes"
"10.41B","Industries alimentaires","Alimentation","Fabrication d'huiles et graisses raffinées"
"10.42Z","Industries alimentaires","Alimentation","Fabrication de margarine et graisses comestibles similaires"
"10.51A","Industries alimentaires","Alimentation","Fabrication de lait liquide et de produits frais"
"10.51B","Industries alimentaires","Alimentation","Fabrication de beurre"
"10.51C","Industries alimentaires","Alimentation","Fabrication de fromage"
"10.51D","Industries alimentaires","Alimentation","Fabrication d'autres produits laitiers"
"10.52Z","Industries alimentaires","Alimentation","Fabrication de glaces et sorbets"
"10.61A","Industries alimentaires","Alimentation","Meunerie"
"10.61B","Industries alimentaires","Alimentation","Autres activités du travail des grains"
"10.62Z","Industries alimentaires","Alimentation","Fabrication de produits amylacés"
"10.71A","Industries alimentaires","Alimentation","Fabrication industrielle de pain et de pâtisserie fraîche"
"10.71B","Industries alimentaires","Alimentation","Cuisson de produits de boulangerie"
"10.71C","Industries alimentaires","Alimentation","Boulangerie et boulangerie-pâtisserie"
"10.71D","Industries alimentaires","Alimentation","Pâtisserie"
"10.72Z","Industries alimentaires","Alimentation","Fabrication de biscuits, biscottes et pâtisseries de conservation"
"10.73Z","Industries alimentaires","Alimentation","Fabrication de pâtes alimentaires"
"10.81Z","Industries alimentaires","Alimentation","Fabrication de sucre"
"10.82Z","Industries alimentaires","Alimentation","Fabrication de cacao, chocolat et de produits de confiserie"
"10.83Z","Industries alimentaires","Alimentation","Transformation du thé et du café"
"10.84Z","Industries alimentaires","Alimentation","Fabrication de condiments et assaisonnements"
"10.85Z","Industries alimentaires","Alimentation","Fabrication de plats préparés"
"10.86Z","Industries alimentaires","Alimentation","Fabrication d'aliments homogénéisés et diététiques"
"10.89Z","Industries alimentaires","Alimentation","Fabrication d'autres produits alimentaires n.c.a."
"10.91Z","Industries alimentaires","Alimentation","Fabrication d'aliments pour animaux de ferme"
"10.92Z","Industries alimentaires","Alimentation","Fabrication d'aliments pour animaux de compagnie"
"11.01Z","Fabrication de boissons","Alimentation","Production de boissons alcooliques distillées"
"11.02A","Fabrication de boissons","Alimentation","Fabrication de vins effervescents"
"11.02B","Fabrication de boissons","Alimentation","Vinification"
"11.03Z","Fabrication de boissons","Alimentation","Fabrication de cidre et de vins de fruits "
"11.04Z","Fabrication de boissons","Alimentation","Production d'autres boissons fermentées non distillées"
"11.05Z","Fabrication de boissons","Alimentation","Fabrication de bière"
"11.06Z","Fabrication de boissons","Alimentation","Fabrication de malt"
"11.07A","Fabrication de boissons","Alimentation","Industrie des eaux de table"
"11.07B","Fabrication de boissons","Alimentation","Production de boissons rafraîchissantes"
"12.00Z","Fabrication de produits à base de tabac",,"Fabrication de produits à base de tabac"
"13.10Z","Fabrication de textiles","Textile/Habillement","Préparation de fibres textiles et filature"
"13.20Z","Fabrication de textiles","Textile/Habillement","Tissage"
"13.30Z","Fabrication de textiles","Textile/Habillement","Ennoblissement textile"
"13.91Z","Fabrication de textiles","Textile/Habillement","Fabrication d'étoffes à mailles"
"13.92Z","Fabrication de textiles","Textile/Habillement","Fabrication d'articles textiles, sauf habillement"
"13.93Z","Fabrication de textiles","Textile/Habillement","Fabrication de tapis et moquettes"
"13.94Z","Fabrication de textiles","Textile/Habillement","Fabrication de ficelles, cordes et filets"
"13.95Z","Fabrication de textiles","Textile/Habillement","Fabrication de non-tissés, sauf habillement"
"13.96Z","Fabrication de textiles","Textile/Habillement","Fabrication d'autres textiles techniques et industriels"
"13.99Z","Fabrication de textiles","Textile/Habillement","Fabrication d'autres textiles n.c.a."
"14.11Z","Industrie de l'habillement","Textile/Habillement","Fabrication de vêtements en cuir"
"14.12Z","Industrie de l'habillement","Textile/Habillement","Fabrication de vêtements de travail"
"14.13Z","Industrie de l'habillement","Textile/Habillement","Fabrication de vêtements de dessus"
"14.14Z","Industrie de l'habillement","Textile/Habillement","Fabrication de vêtements de dessous"
"14.19Z","Industrie de l'habillement","Textile/Habillement","Fabrication d'autres vêtements et accessoires"
"14.20Z","Industrie de l'habillement","Textile/Habillement","Fabrication d'articles en fourrure"
"14.31Z","Industrie de l'habillement","Textile/Habillement","Fabrication d'articles chaussants à mailles"
"14.39Z","Industrie de l'habillement","Textile/Habillement","Fabrication d'autres articles à mailles"
"15.11Z","Industrie du cuir et de la chaussure","Textile/Habillement","Apprêt et tannage des cuirs ; préparation et teinture des fourrures"
"15.12Z","Industrie du cuir et de la chaussure","Textile/Habillement","Fabrication d'articles de voyage, de maroquinerie et de sellerie"
"15.20Z","Industrie du cuir et de la chaussure","Textile/Habillement","Fabrication de chaussures"
"16.10A","Travail du bois et fabrication d'articles en bois et en liège, à l’exception des meubles ; fabrication d’articles en vannerie et sparterie",,"Sciage et rabotage du bois, hors imprégnation"
"16.10B","Travail du bois et fabrication d'articles en bois et en liège, à l’exception des meubles ; fabrication d’articles en vannerie et sparterie",,"Imprégnation du bois"
"16.21Z","Travail du bois et fabrication d'articles en bois et en liège, à l’exception des meubles ; fabrication d’articles en vannerie et sparterie",,"Fabrication de placage et de panneaux de bois"
"16.22Z","Travail du bois et fabrication d'articles en bois et en liège, à l’exception des meubles ; fabrication d’articles en vannerie et sparterie",,"Fabrication de parquets assemblés"
"16.23Z","Travail du bois et fabrication d'articles en bois et en liège, à l’exception des meubles ; fabrication d’articles en vannerie et sparterie",,"Fabrication de charpentes et d'autres menuiseries"
"16.24Z","Travail du bois et fabrication d'articles en bois et en liège, à l’exception des meubles ; fabrication d’articles en vannerie et sparterie",,"Fabrication d'emballages en bois"
"16.29Z","Travail du bois et fabrication d'articles en bois et en liège, à l’exception des meubles ; fabrication d’articles en vannerie et sparterie",,"Fabrication d'objets divers en bois ; fabrication d'objets en liège, vannerie et sparterie"
"17.11Z","Industrie du papier et du carton",,"Fabrication de pâte à papier"
"17.12Z","Industrie du papier et du carton",,"Fabrication de papier et de carton"
"17.21A","Industrie du papier et du carton",,"Fabrication de carton ondulé"
"17.21B","Industrie du papier et du carton",,"Fabrication de cartonnages "
"17.21C","Industrie du papier et du carton",,"Fabrication d'emballages en papier"
"17.22Z","Industrie du papier et du carton",,"Fabrication d'articles en papier à usage sanitaire ou domestique"
"17.23Z","Industrie du papier et du carton",,"Fabrication d'articles de papeterie"
"17.24Z","Industrie du papier et du carton",,"Fabrication de papiers peints"
"17.29Z","Industrie du papier et du carton",,"Fabrication d'autres articles en papier ou en carton"
"18.11Z","Imprimerie et reproduction d'enregistrements","Impression/Reproduction","Imprimerie de journaux"
"18.12Z","Imprimerie et reproduction d'enregistrements","Impression/Reproduction","Autre imprimerie (labeur)"
"18.13Z","Imprimerie et reproduction d'enregistrements","Impression/Reproduction","Activités de pré-presse "
"18.14Z","Imprimerie et reproduction d'enregistrements","Impression/Reproduction","Reliure et activités connexes"
"18.20Z","Imprimerie et reproduction d'enregistrements","Impression/Reproduction","Reproduction d'enregistrements"
"19.10Z","Cokéfaction et raffinage","Chimie","Cokéfaction"
"19.20Z","Cokéfaction et raffinage","Chimie","Raffinage du pétrole"
"20.11Z","Industrie chimique","Chimie","Fabrication de gaz industriels"
"20.12Z","Industrie chimique","Chimie","Fabrication de colorants et de pigments"
"20.13A","Industrie chimique","Chimie","Enrichissement et  retraitement de matières nucléaires"
"20.13B","Industrie chimique","Chimie","Fabrication d'autres produits chimiques inorganiques de base n.c.a."
"20.14Z","Industrie chimique","Chimie","Fabrication d'autres produits chimiques organiques de base"
"20.15Z","Industrie chimique","Chimie","Fabrication de produits azotés et d'engrais"
"20.16Z","Industrie chimique","Chimie","Fabrication de matières plastiques de base"
"20.17Z","Industrie chimique","Chimie","Fabrication de caoutchouc synthétique"
"20.20Z","Industrie chimique","Chimie","Fabrication de pesticides et d’autres produits agrochimiques"
"20.30Z","Industrie chimique","Chimie","Fabrication de peintures, vernis, encres et mastics"
"20.41Z","Industrie chimique","Chimie","Fabrication de savons, détergents et produits d'entretien"
"20.42Z","Industrie chimique","Chimie","Fabrication de parfums et de produits pour la toilette"
"20.51Z","Industrie chimique","Chimie","Fabrication de produits explosifs"
"20.52Z","Industrie chimique","Chimie","Fabrication de colles"
"20.53Z","Industrie chimique","Chimie","Fabrication d'huiles essentielles"
"20.59Z","Industrie chimique","Chimie","Fabrication d'autres produits chimiques n.c.a."
"20.60Z","Industrie chimique","Chimie","Fabrication de fibres artificielles ou synthétiques"
"21.10Z","Industrie pharmaceutique","Chimie","Fabrication de produits pharmaceutiques de base"
"21.20Z","Industrie pharmaceutique","Chimie","Fabrication de préparations pharmaceutiques"
"22.11Z","Fabrication de produits en caoutchouc et en plastique",,"Fabrication et rechapage de pneumatiques"
"22.19Z","Fabrication de produits en caoutchouc et en plastique",,"Fabrication d'autres articles en caoutchouc"
"22.21Z","Fabrication de produits en caoutchouc et en plastique",,"Fabrication de plaques, feuilles, tubes et profilés en matières plastiques"
"22.22Z","Fabrication de produits en caoutchouc et en plastique",,"Fabrication d'emballages en matières plastiques"
"22.23Z","Fabrication de produits en caoutchouc et en plastique",,"Fabrication d'éléments en matières plastiques pour la construction"
"22.29A","Fabrication de produits en caoutchouc et en plastique",,"Fabrication de pièces techniques à base de matières plastiques"
"22.29B","Fabrication de produits en caoutchouc et en plastique",,"Fabrication de produits de consommation courante en matières plastiques"
"23.11Z","Fabrication d'autres produits minéraux non métalliques",,"Fabrication de verre plat"
"23.12Z","Fabrication d'autres produits minéraux non métalliques",,"Façonnage et transformation du verre plat"
"23.13Z","Fabrication d'autres produits minéraux non métalliques",,"Fabrication de verre creux"
"23.14Z","Fabrication d'autres produits minéraux non métalliques",,"Fabrication de fibres de verre"
"23.19Z","Fabrication d'autres produits minéraux non métalliques",,"Fabrication et façonnage d'autres articles en verre, y compris verre technique"
"23.20Z","Fabrication d'autres produits minéraux non métalliques",,"Fabrication de produits réfractaires"
"23.31Z","Fabrication d'autres produits minéraux non métalliques",,"Fabrication de carreaux en céramique"
"23.32Z","Fabrication d'autres produits minéraux non métalliques",,"Fabrication de briques, tuiles et produits de construction, en terre cuite"
"23.41Z","Fabrication d'autres produits minéraux non métalliques",,"Fabrication d'articles céramiques à usage domestique ou ornemental"
"23.42Z","Fabrication d'autres produits minéraux non métalliques",,"Fabrication d'appareils sanitaires en céramique"
"23.43Z","Fabrication d'autres produits minéraux non métalliques",,"Fabrication d'isolateurs et pièces isolantes en céramique"
"23.44Z","Fabrication d'autres produits minéraux non métalliques",,"Fabrication d'autres produits céramiques à usage technique"
"23.49Z","Fabrication d'autres produits minéraux non métalliques",,"Fabrication d'autres produits céramiques"
"23.51Z","Fabrication d'autres produits minéraux non métalliques",,"Fabrication de ciment"
"23.52Z","Fabrication d'autres produits minéraux non métalliques",,"Fabrication de chaux et plâtre"
"23.61Z","Fabrication d'autres produits minéraux non métalliques",,"Fabrication d'éléments en béton pour la construction"
"23.62Z","Fabrication d'autres produits minéraux non métalliques",,"Fabrication d'éléments en plâtre pour la construction"
"23.63Z","Fabrication d'autres produits minéraux non métalliques",,"Fabrication de béton prêt à l'emploi"
"23.64Z","Fabrication d'autres produits minéraux non métalliques",,"Fabrication de mortiers et bétons secs"
"23.65Z","Fabrication d'autres produits minéraux non métalliques",,"Fabrication d'ouvrages en fibre-ciment"
"23.69Z","Fabrication d'autres produits minéraux non métalliques",,"Fabrication d'autres ouvrages en béton, en ciment ou en plâtre"
"23.70Z","Fabrication d'autres produits minéraux non métalliques",,"Taille, façonnage et finissage de pierres"
"23.91Z","Fabrication d'autres produits minéraux non métalliques",,"Fabrication de produits abrasifs"
"23.99Z","Fabrication d'autres produits minéraux non métalliques",,"Fabrication d'autres produits minéraux non métalliques n.c.a."
"24.10Z","Métallurgie","Industrie métallique","Sidérurgie"
"24.20Z","Métallurgie","Industrie métallique","Fabrication de tubes, tuyaux, profilés creux et accessoires correspondants en acier "
"24.31Z","Métallurgie","Industrie métallique","Étirage à froid de barres"
"24.32Z","Métallurgie","Industrie métallique","Laminage à froid de feuillards"
"24.33Z","Métallurgie","Industrie métallique","Profilage à froid par formage ou pliage"
"24.34Z","Métallurgie","Industrie métallique","Tréfilage à froid"
"24.41Z","Métallurgie","Industrie métallique","Production de métaux précieux"
"24.42Z","Métallurgie","Industrie métallique","Métallurgie de l'aluminium"
"24.43Z","Métallurgie","Industrie métallique","Métallurgie du plomb, du zinc ou de l'étain"
"24.44Z","Métallurgie","Industrie métallique","Métallurgie du cuivre"
"24.45Z","Métallurgie","Industrie métallique","Métallurgie des autres métaux non ferreux"
"24.46Z","Métallurgie","Industrie métallique","Élaboration et transformation de matières nucléaires"
"24.51Z","Métallurgie","Industrie métallique","Fonderie de fonte"
"24.52Z","Métallurgie","Industrie métallique","Fonderie d'acier"
"24.53Z","Métallurgie","Industrie métallique","Fonderie de métaux légers"
"24.54Z","Métallurgie","Industrie métallique","Fonderie d'autres métaux non ferreux"
"25.11Z","Fabrication de produits métalliques, à l’exception des machines et des équipements","Industrie métallique","Fabrication de structures métalliques et de parties de structures"
"25.12Z","Fabrication de produits métalliques, à l’exception des machines et des équipements","Industrie métallique","Fabrication de portes et fenêtres en métal"
"25.21Z","Fabrication de produits métalliques, à l’exception des machines et des équipements","Industrie métallique","Fabrication de radiateurs et de chaudières pour le chauffage central"
"25.29Z","Fabrication de produits métalliques, à l’exception des machines et des équipements","Industrie métallique","Fabrication d'autres réservoirs, citernes et conteneurs métalliques"
"25.30Z","Fabrication de produits métalliques, à l’exception des machines et des équipements","Industrie métallique","Fabrication de générateurs de vapeur, à l'exception des chaudières pour le chauffage central"
"25.40Z","Fabrication de produits métalliques, à l’exception des machines et des équipements","Industrie métallique","Fabrication d'armes et de munitions"
"25.50A","Fabrication de produits métalliques, à l’exception des machines et des équipements","Industrie métallique","Forge, estampage, matriçage ; métallurgie des poudres"
"25.50B","Fabrication de produits métalliques, à l’exception des machines et des équipements","Industrie métallique","Découpage, emboutissage"
"25.61Z","Fabrication de produits métalliques, à l’exception des machines et des équipements","Industrie métallique","Traitement et revêtement des métaux"
"25.62A","Fabrication de produits métalliques, à l’exception des machines et des équipements","Industrie métallique","Décolletage"
"25.62B","Fabrication de produits métalliques, à l’exception des machines et des équipements","Industrie métallique","Mécanique industrielle"
"25.71Z","Fabrication de produits métalliques, à l’exception des machines et des équipements","Industrie métallique","Fabrication de coutellerie"
"25.72Z","Fabrication de produits métalliques, à l’exception des machines et des équipements","Industrie métallique","Fabrication de serrures et de ferrures"
"25.73A","Fabrication de produits métalliques, à l’exception des machines et des équipements","Industrie métallique","Fabrication de moules et modèles"
"25.73B","Fabrication de produits métalliques, à l’exception des machines et des équipements","Industrie métallique","Fabrication d'autres outillages"
"25.91Z","Fabrication de produits métalliques, à l’exception des machines et des équipements","Industrie métallique","Fabrication de fûts et emballages métalliques similaires"
"25.92Z","Fabrication de produits métalliques, à l’exception des machines et des équipements","Industrie métallique","Fabrication d'emballages métalliques légers"
"25.93Z","Fabrication de produits métalliques, à l’exception des machines et des équipements","Industrie métallique","Fabrication d'articles en fils métalliques, de chaînes et de ressorts"
"25.94Z","Fabrication de produits métalliques, à l’exception des machines et des équipements","Industrie métallique","Fabrication de vis et de boulons"
"25.99A","Fabrication de produits métalliques, à l’exception des machines et des équipements","Industrie métallique","Fabrication d'articles métalliques ménagers"
"25.99B","Fabrication de produits métalliques, à l’exception des machines et des équipements","Industrie métallique","Fabrication d'autres articles métalliques"
"26.11Z","Fabrication de produits informatiques, électroniques et optiques",,"Fabrication de composants électroniques"
"26.12Z","Fabrication de produits informatiques, électroniques et optiques",,"Fabrication de cartes électroniques assemblées"
"26.20Z","Fabrication de produits informatiques, électroniques et optiques",,"Fabrication d'ordinateurs et d'équipements périphériques"
"26.30Z","Fabrication de produits informatiques, électroniques et optiques",,"Fabrication d'équipements de communication "
"26.40Z","Fabrication de produits informatiques, électroniques et optiques",,"Fabrication de produits électroniques grand public"
"26.51A","Fabrication de produits informatiques, électroniques et optiques",,"Fabrication d'équipements d'aide à la navigation"
"26.51B","Fabrication de produits informatiques, électroniques et optiques",,"Fabrication d'instrumentation scientifique et technique"
"26.52Z","Fabrication de produits informatiques, électroniques et optiques",,"Horlogerie"
"26.60Z","Fabrication de produits informatiques, électroniques et optiques",,"Fabrication d'équipements d'irradiation médicale, d'équipements électromédicaux et électrothérapeutiques "
"26.70Z","Fabrication de produits informatiques, électroniques et optiques",,"Fabrication de matériels optique et photographique"
"26.80Z","Fabrication de produits informatiques, électroniques et optiques",,"Fabrication de supports magnétiques et optiques"
"27.11Z","Fabrication d'équipements électriques",,"Fabrication de moteurs, génératrices et transformateurs électriques"
"27.12Z","Fabrication d'équipements électriques",,"Fabrication de matériel de distribution et de commande électrique"
"27.20Z","Fabrication d'équipements électriques",,"Fabrication de piles et d'accumulateurs électriques"
"27.31Z","Fabrication d'équipements électriques",,"Fabrication de câbles de fibres optiques"
"27.32Z","Fabrication d'équipements électriques",,"Fabrication d'autres fils et câbles électroniques ou électriques"
"27.33Z","Fabrication d'équipements électriques",,"Fabrication de matériel d'installation électrique"
"27.40Z","Fabrication d'équipements électriques",,"Fabrication d'appareils d'éclairage électrique"
"27.51Z","Fabrication d'équipements électriques",,"Fabrication d'appareils électroménagers"
"27.52Z","Fabrication d'équipements électriques",,"Fabrication d'appareils ménagers non électriques"
"27.90Z","Fabrication d'équipements électriques",,"Fabrication d'autres matériels électriques"
"28.11Z","Fabrication de machines et équipements n.c.a.",,"Fabrication de moteurs et turbines, à l'exception des moteurs d’avions et de véhicules"
"28.12Z","Fabrication de machines et équipements n.c.a.",,"Fabrication d'équipements hydrauliques et pneumatiques"
"28.13Z","Fabrication de machines et équipements n.c.a.",,"Fabrication d'autres pompes et compresseurs"
"28.14Z","Fabrication de machines et équipements n.c.a.",,"Fabrication d'autres articles de robinetterie"
"28.15Z","Fabrication de machines et équipements n.c.a.",,"Fabrication d'engrenages et d'organes mécaniques de transmission"
"28.21Z","Fabrication de machines et équipements n.c.a.",,"Fabrication de fours et brûleurs"
"28.22Z","Fabrication de machines et équipements n.c.a.",,"Fabrication de matériel de levage et de manutention"
"28.23Z","Fabrication de machines et équipements n.c.a.",,"Fabrication de machines et d'équipements de bureau (à l'exception des ordinateurs et équipements périphériques)"
"28.24Z","Fabrication de machines et équipements n.c.a.",,"Fabrication d'outillage portatif à moteur incorporé"
"28.25Z","Fabrication de machines et équipements n.c.a.",,"Fabrication d'équipements aérauliques et frigorifiques industriels"
"28.29A","Fabrication de machines et équipements n.c.a.",,"Fabrication d'équipements d'emballage, de conditionnement et de pesage "
"28.29B","Fabrication de machines et équipements n.c.a.",,"Fabrication d'autres machines d'usage général"
"28.30Z","Fabrication de machines et équipements n.c.a.",,"Fabrication de machines agricoles et forestières"
"28.41Z","Fabrication de machines et équipements n.c.a.",,"Fabrication de machines-outils pour le travail des métaux"
"28.49Z","Fabrication de machines et équipements n.c.a.",,"Fabrication d'autres machines-outils "
"28.91Z","Fabrication de machines et équipements n.c.a.",,"Fabrication de machines pour la métallurgie"
"28.92Z","Fabrication de machines et équipements n.c.a.",,"Fabrication de machines pour l'extraction ou la construction"
"28.93Z","Fabrication de machines et équipements n.c.a.",,"Fabrication de machines pour l'industrie agro-alimentaire"
"28.94Z","Fabrication de machines et équipements n.c.a.",,"Fabrication de machines pour les industries textiles"
"28.95Z","Fabrication de machines et équipements n.c.a.",,"Fabrication de machines pour les industries du papier et du carton"
"28.96Z","Fabrication de machines et équipements n.c.a.",,"Fabrication de machines pour le travail du caoutchouc ou des plastiques"
"28.99A","Fabrication de machines et équipements n.c.a.",,"Fabrication de machines d'imprimerie"
"28.99B","Fabrication de machines et équipements n.c.a.",,"Fabrication d'autres machines spécialisées"
"29.10Z","Industrie automobile","Automobile","Construction de véhicules automobiles"
"29.20Z","Industrie automobile","Automobile","Fabrication de carrosseries et remorques"
"29.31Z","Industrie automobile","Automobile","Fabrication d'équipements électriques et électroniques automobiles"
"29.32Z","Industrie automobile","Automobile","Fabrication d'autres équipements automobiles"
"30.11Z","Fabrication d'autres matériels de transport","Transport","Construction de navires et de structures flottantes"
"30.12Z","Fabrication d'autres matériels de transport","Transport","Construction de bateaux de plaisance"
"30.20Z","Fabrication d'autres matériels de transport","Transport","Construction de locomotives et d'autre matériel ferroviaire roulant "
"30.30Z","Fabrication d'autres matériels de transport","Transport","Construction aéronautique et spatiale "
"30.40Z","Fabrication d'autres matériels de transport","Transport","Construction de véhicules militaires de combat "
"30.91Z","Fabrication d'autres matériels de transport","Transport","Fabrication de motocycles"
"30.92Z","Fabrication d'autres matériels de transport","Transport","Fabrication de bicyclettes et de véhicules pour invalides"
"30.99Z","Fabrication d'autres matériels de transport","Transport","Fabrication d’autres équipements de transport n.c.a."
"31.01Z","Fabrication de meubles","Manufacture","Fabrication de meubles de bureau et de magasin"
"31.02Z","Fabrication de meubles","Manufacture","Fabrication de meubles de cuisine "
"31.03Z","Fabrication de meubles","Manufacture","Fabrication de matelas"
"31.09A","Fabrication de meubles","Manufacture","Fabrication de sièges d'ameublement d'intérieur"
"31.09B","Fabrication de meubles","Manufacture","Fabrication d’autres meubles et industries connexes de l’ameublement"
"32.11Z","Autres industries manufacturières","Manufacture","Frappe de monnaie"
"32.12Z","Autres industries manufacturières","Manufacture","Fabrication d’articles de joaillerie et bijouterie"
"32.13Z","Autres industries manufacturières","Manufacture","Fabrication d’articles de bijouterie fantaisie et articles similaires"
"32.20Z","Autres industries manufacturières","Manufacture","Fabrication d'instruments de musique"
"32.30Z","Autres industries manufacturières","Manufacture","Fabrication d'articles de sport"
"32.40Z","Autres industries manufacturières","Manufacture","Fabrication de jeux et jouets"
"32.50A","Autres industries manufacturières","Manufacture","Fabrication de matériel médico-chirurgical et dentaire"
"32.50B","Autres industries manufacturières","Manufacture","Fabrication de lunettes"
"32.91Z","Autres industries manufacturières","Manufacture","Fabrication d’articles de brosserie"
"32.99Z","Autres industries manufacturières","Manufacture","Autres activités manufacturières n.c.a. "
"33.11Z","Réparation et installation de machines et d'équipements ",,"Réparation d'ouvrages en métaux"
"33.12Z","Réparation et installation de machines et d'équipements ",,"Réparation de machines et équipements mécaniques"
"33.13Z","Réparation et installation de machines et d'équipements ",,"Réparation de matériels électroniques et optiques"
"33.14Z","Réparation et installation de machines et d'équipements ",,"Réparation d'équipements électriques"
"33.15Z","Réparation et installation de machines et d'équipements ",,"Réparation et maintenance navale"
"33.16Z","Réparation et installation de machines et d'équipements ",,"Réparation et maintenance d'aéronefs et d'engins spatiaux "
"33.17Z","Réparation et installation de machines et d'équipements ",,"Réparation et maintenance d'autres équipements de transport"
"33.19Z","Réparation et installation de machines et d'équipements ",,"Réparation d'autres équipements"
"33.20A","Réparation et installation de machines et d'équipements ",,"Installation de structures métalliques, chaudronnées et de tuyauterie"
"33.20B","Réparation et installation de machines et d'équipements ",,"Installation de machines et équipements mécaniques"
"33.20C","Réparation et installation de machines et d'équipements ",,"Conception d'ensemble et assemblage sur site industriel d'équipements de contrôle des processus industriels "
"33.20D","Réparation et installation de machines et d'équipements ",,"Installation d'équipements électriques, de matériels électroniques et optiques ou d'autres matériels"
"35.11Z","Production et distribution d'électricité, de gaz, de vapeur et d'air conditionné",,"Production d'électricité"
"35.12Z","Production et distribution d'électricité, de gaz, de vapeur et d'air conditionné",,"Transport d'électricité"
"35.13Z","Production et distribution d'électricité, de gaz, de vapeur et d'air conditionné",,"Distribution d'électricité"
"35.14Z","Production et distribution d'électricité, de gaz, de vapeur et d'air conditionné",,"Commerce d'électricité"
"35.21Z","Production et distribution d'électricité, de gaz, de vapeur et d'air conditionné",,"Production de combustibles gazeux"
"35.22Z","Production et distribution d'électricité, de gaz, de vapeur et d'air conditionné",,"Distribution de combustibles gazeux par conduites"
"35.23Z","Production et distribution d'électricité, de gaz, de vapeur et d'air conditionné",,"Commerce de combustibles gazeux par conduites"
"35.30Z","Production et distribution d'électricité, de gaz, de vapeur et d'air conditionné",,"Production et distribution de vapeur et d'air conditionné "
"36.00Z","Captage, traitement et distribution d'eau ",,"Captage, traitement et distribution d'eau"
"37.00Z","Collecte et traitement des eaux usées",,"Collecte et traitement des eaux usées"
"38.11Z","Collecte, traitement et élimination des déchets ; récupération",,"Collecte des déchets non dangereux"
"38.12Z","Collecte, traitement et élimination des déchets ; récupération",,"Collecte des déchets dangereux"
"38.21Z","Collecte, traitement et élimination des déchets ; récupération",,"Traitement et élimination des déchets non dangereux"
"38.22Z","Collecte, traitement et élimination des déchets ; récupération",,"Traitement et élimination des déchets dangereux"
"38.31Z","Collecte, traitement et élimination des déchets ; récupération",,"Démantèlement d'épaves"
"38.32Z","Collecte, traitement et élimination des déchets ; récupération",,"Récupération de déchets triés"
"39.00Z","Dépollution et autres services de gestion des déchets",,"Dépollution et autres services de gestion des déchets"
"41.10A","Construction de bâtiments ","Construction","Promotion immobilière de logements"
"41.10B","Construction de bâtiments ","Construction","Promotion immobilière de bureaux"
"41.10C","Construction de bâtiments ","Construction","Promotion immobilière d'autres bâtiments"
"41.10D","Construction de bâtiments ","Construction","Supports juridiques de programmes"
"41.20A","Construction de bâtiments ","Construction","Construction de maisons individuelles"
"41.20B","Construction de bâtiments ","Construction","Construction d'autres bâtiments"
"42.11Z","Génie civil","Construction","Construction de routes et autoroutes"
"42.12Z","Génie civil","Construction","Construction de voies ferrées de surface et souterraines"
"42.13A","Génie civil","Construction","Construction d'ouvrages d'art"
"42.13B","Génie civil","Construction","Construction et entretien de tunnels"
"42.21Z","Génie civil","Construction","Construction de réseaux pour fluides"
"42.22Z","Génie civil","Construction","Construction de réseaux électriques et de télécommunications"
"42.91Z","Génie civil","Construction","Construction d'ouvrages maritimes et fluviaux"
"42.99Z","Génie civil","Construction","Construction d'autres ouvrages de génie civil n.c.a."
"43.11Z","Travaux de construction spécialisés ","Construction","Travaux de démolition"
"43.12A","Travaux de construction spécialisés ","Construction","Travaux de terrassement courants et travaux préparatoires"
"43.12B","Travaux de construction spécialisés ","Construction","Travaux de terrassement spécialisés ou de grande masse"
"43.13Z","Travaux de construction spécialisés ","Construction","Forages et sondages"
"43.21A","Travaux de construction spécialisés ","Construction","Travaux d'installation électrique dans tous locaux"
"43.21B","Travaux de construction spécialisés ","Construction","Travaux d'installation électrique sur la voie publique"
"43.22A","Travaux de construction spécialisés ","Construction","Travaux d'installation d'eau et de gaz en tous locaux"
"43.22B","Travaux de construction spécialisés ","Construction","Travaux d'installation d'équipements thermiques et de climatisation"
"43.29A","Travaux de construction spécialisés ","Construction","Travaux d'isolation"
"43.29B","Travaux de construction spécialisés ","Construction","Autres travaux d'installation n.c.a."
"43.31Z","Travaux de construction spécialisés ","Construction","Travaux de plâtrerie"
"43.32A","Travaux de construction spécialisés ","Construction","Travaux de menuiserie bois et PVC"
"43.32B","Travaux de construction spécialisés ","Construction","Travaux de menuiserie métallique et serrurerie"
"43.32C","Travaux de construction spécialisés ","Construction","Agencement de lieux de vente"
"43.33Z","Travaux de construction spécialisés ","Construction","Travaux de revêtement des sols et des murs"
"43.34Z","Travaux de construction spécialisés ","Construction","Travaux de peinture et vitrerie"
"43.39Z","Travaux de construction spécialisés ","Construction","Autres travaux de finition"
"43.91A","Travaux de construction spécialisés ","Construction","Travaux de charpente"
"43.91B","Travaux de construction spécialisés ","Construction","Travaux de couverture par éléments"
"43.99A","Travaux de construction spécialisés ","Construction","Travaux d'étanchéification"
"43.99B","Travaux de construction spécialisés ","Construction","Travaux de montage de structures métalliques"
"43.99C","Travaux de construction spécialisés ","Construction","Travaux de maçonnerie générale et gros œuvre de bâtiment"
"43.99D","Travaux de construction spécialisés ","Construction","Autres travaux spécialisés de construction"
"43.99E","Travaux de construction spécialisés ","Construction","Location avec opérateur de matériel de construction"
"45.11Z","Commerce et réparation d'automobiles et de motocycles",,"Commerce de voitures et de véhicules automobiles légers"
"45.19Z","Commerce et réparation d'automobiles et de motocycles",,"Commerce d'autres véhicules automobiles"
"45.20A","Commerce et réparation d'automobiles et de motocycles",,"Entretien et réparation de véhicules automobiles légers"
"45.20B","Commerce et réparation d'automobiles et de motocycles",,"Entretien et réparation d'autres véhicules automobiles"
"45.31Z","Commerce et réparation d'automobiles et de motocycles",,"Commerce de gros d'équipements automobiles"
"45.32Z","Commerce et réparation d'automobiles et de motocycles",,"Commerce de détail d'équipements automobiles"
"45.40Z","Commerce et réparation d'automobiles et de motocycles",,"Commerce et réparation de motocycles"
"46.11Z","Commerce de gros, à l’exception des automobiles et des motocycles",,"Intermédiaires du commerce en matières premières agricoles, animaux vivants, matières premières textiles et produits semi-finis"
"46.12A","Commerce de gros, à l’exception des automobiles et des motocycles",,"Centrales d'achat de carburant"
"46.12B","Commerce de gros, à l’exception des automobiles et des motocycles",,"Autres intermédiaires du commerce en combustibles, métaux, minéraux et produits chimiques"
"46.13Z","Commerce de gros, à l’exception des automobiles et des motocycles",,"Intermédiaires du commerce en bois et matériaux de construction"
"46.14Z","Commerce de gros, à l’exception des automobiles et des motocycles",,"Intermédiaires du commerce en machines, équipements industriels, navires et avions"
"46.15Z","Commerce de gros, à l’exception des automobiles et des motocycles",,"Intermédiaires du commerce en meubles, articles de ménage et quincaillerie"
"46.16Z","Commerce de gros, à l’exception des automobiles et des motocycles",,"Intermédiaires du commerce en textiles, habillement, fourrures, chaussures et articles en cuir"
"46.17A","Commerce de gros, à l’exception des automobiles et des motocycles",,"Centrales d'achat alimentaires"
"46.17B","Commerce de gros, à l’exception des automobiles et des motocycles",,"Autres intermédiaires du commerce en denrées, boissons et tabac"
"46.18Z","Commerce de gros, à l’exception des automobiles et des motocycles",,"Intermédiaires spécialisés dans le commerce d'autres produits spécifiques"
"46.19A","Commerce de gros, à l’exception des automobiles et des motocycles",,"Centrales d'achat non alimentaires"
"46.19B","Commerce de gros, à l’exception des automobiles et des motocycles",,"Autres intermédiaires du commerce en produits divers"
"46.21Z","Commerce de gros, à l’exception des automobiles et des motocycles",,"Commerce de gros (commerce interentreprises) de céréales, de tabac non manufacturé, de semences et d'aliments pour le bétail "
"46.22Z","Commerce de gros, à l’exception des automobiles et des motocycles",,"Commerce de gros (commerce interentreprises) de fleurs et plantes"
"46.23Z","Commerce de gros, à l’exception des automobiles et des motocycles",,"Commerce de gros (commerce interentreprises) d'animaux vivants"
"46.24Z","Commerce de gros, à l’exception des automobiles et des motocycles",,"Commerce de gros (commerce interentreprises) de cuirs et peaux"
"46.31Z","Commerce de gros, à l’exception des automobiles et des motocycles",,"Commerce de gros (commerce interentreprises) de fruits et légumes"
"46.32A","Commerce de gros, à l’exception des automobiles et des motocycles",,"Commerce de gros (commerce interentreprises) de viandes de boucherie"
"46.32B","Commerce de gros, à l’exception des automobiles et des motocycles",,"Commerce de gros (commerce interentreprises) de produits à base de viande"
"46.32C","Commerce de gros, à l’exception des automobiles et des motocycles",,"Commerce de gros (commerce interentreprises) de volailles et gibier"
"46.33Z","Commerce de gros, à l’exception des automobiles et des motocycles",,"Commerce de gros (commerce interentreprises) de produits laitiers, œufs, huiles et matières grasses comestibles"
"46.34Z","Commerce de gros, à l’exception des automobiles et des motocycles",,"Commerce de gros (commerce interentreprises) de boissons"
"46.35Z","Commerce de gros, à l’exception des automobiles et des motocycles",,"Commerce de gros (commerce interentreprises) de produits à base de tabac"
"46.36Z","Commerce de gros, à l’exception des automobiles et des motocycles",,"Commerce de gros (commerce interentreprises) de sucre, chocolat et confiserie"
"46.37Z","Commerce de gros, à l’exception des automobiles et des motocycles",,"Commerce de gros (commerce interentreprises) de café, thé, cacao et épices"
"46.38A","Commerce de gros, à l’exception des automobiles et des motocycles",,"Commerce de gros (commerce interentreprises) de poissons, crustacés et mollusques"
"46.38B","Commerce de gros, à l’exception des automobiles et des motocycles",,"Commerce de gros (commerce interentreprises) alimentaire spécialisé divers"
"46.39A","Commerce de gros, à l’exception des automobiles et des motocycles",,"Commerce de gros (commerce interentreprises) de produits surgelés"
"46.39B","Commerce de gros, à l’exception des automobiles et des motocycles",,"Commerce de gros (commerce interentreprises) alimentaire non spécialisé"
"46.41Z","Commerce de gros, à l’exception des automobiles et des motocycles",,"Commerce de gros (commerce interentreprises) de textiles"
"46.42Z","Commerce de gros, à l’exception des automobiles et des motocycles",,"Commerce de gros (commerce interentreprises) d'habillement et de chaussures"
"46.43Z","Commerce de gros, à l’exception des automobiles et des motocycles",,"Commerce de gros (commerce interentreprises) d'appareils électroménagers"
"46.44Z","Commerce de gros, à l’exception des automobiles et des motocycles",,"Commerce de gros (commerce interentreprises) de vaisselle, verrerie et produits d'entretien"
"46.45Z","Commerce de gros, à l’exception des automobiles et des motocycles",,"Commerce de gros (commerce interentreprises) de parfumerie et de produits de beauté"
"46.46Z","Commerce de gros, à l’exception des automobiles et des motocycles",,"Commerce de gros (commerce interentreprises) de produits pharmaceutiques"
"46.47Z","Commerce de gros, à l’exception des automobiles et des motocycles",,"Commerce de gros (commerce interentreprises) de meubles, de tapis et d'appareils d'éclairage "
"46.48Z","Commerce de gros, à l’exception des automobiles et des motocycles",,"Commerce de gros (commerce interentreprises) d'articles d'horlogerie et de bijouterie"
"46.49Z","Commerce de gros, à l’exception des automobiles et des motocycles",,"Commerce de gros (commerce interentreprises) d'autres biens domestiques "
"46.51Z","Commerce de gros, à l’exception des automobiles et des motocycles",,"Commerce de gros (commerce interentreprises) d'ordinateurs, d'équipements informatiques périphériques et de logiciels"
"46.52Z","Commerce de gros, à l’exception des automobiles et des motocycles",,"Commerce de gros (commerce interentreprises) de composants et d'équipements électroniques et de télécommunication"
"46.61Z","Commerce de gros, à l’exception des automobiles et des motocycles",,"Commerce de gros (commerce interentreprises) de matériel agricole"
"46.62Z","Commerce de gros, à l’exception des automobiles et des motocycles",,"Commerce de gros (commerce interentreprises) de machines-outils"
"46.63Z","Commerce de gros, à l’exception des automobiles et des motocycles",,"Commerce de gros (commerce interentreprises) de machines pour l'extraction, la construction et le génie civil "
"46.64Z","Commerce de gros, à l’exception des automobiles et des motocycles",,"Commerce de gros (commerce interentreprises) de machines pour l'industrie textile et l'habillement"
"46.65Z","Commerce de gros, à l’exception des automobiles et des motocycles",,"Commerce de gros (commerce interentreprises) de mobilier de bureau"
"46.66Z","Commerce de gros, à l’exception des automobiles et des motocycles",,"Commerce de gros (commerce interentreprises) d'autres machines et équipements de bureau "
"46.69A","Commerce de gros, à l’exception des automobiles et des motocycles",,"Commerce de gros (commerce interentreprises) de matériel électrique"
"46.69B","Commerce de gros, à l’exception des automobiles et des motocycles",,"Commerce de gros (commerce interentreprises) de fournitures et équipements industriels divers"
"46.69C","Commerce de gros, à l’exception des automobiles et des motocycles",,"Commerce de gros (commerce interentreprises) de fournitures et équipements divers pour le commerce et les services"
"46.71Z","Commerce de gros, à l’exception des automobiles et des motocycles",,"Commerce de gros (commerce interentreprises) de combustibles et de produits annexes"
"46.72Z","Commerce de gros, à l’exception des automobiles et des motocycles",,"Commerce de gros (commerce interentreprises) de minerais et métaux"
"46.73A","Commerce de gros, à l’exception des automobiles et des motocycles",,"Commerce de gros (commerce interentreprises) de bois et de matériaux de construction "
"46.73B","Commerce de gros, à l’exception des automobiles et des motocycles",,"Commerce de gros (commerce interentreprises) d'appareils sanitaires et de produits de décoration"
"46.74A","Commerce de gros, à l’exception des automobiles et des motocycles",,"Commerce de gros (commerce interentreprises) de quincaillerie"
"46.74B","Commerce de gros, à l’exception des automobiles et des motocycles",,"Commerce de gros (commerce interentreprises) de fournitures pour la plomberie et le chauffage"
"46.75Z","Commerce de gros, à l’exception des automobiles et des motocycles",,"Commerce de gros (commerce interentreprises) de produits chimiques"
"46.76Z","Commerce de gros, à l’exception des automobiles et des motocycles",,"Commerce de gros (commerce interentreprises) d'autres produits intermédiaires"
"46.77Z","Commerce de gros, à l’exception des automobiles et des motocycles",,"Commerce de gros (commerce interentreprises) de déchets et débris"
"46.90Z","Commerce de gros, à l’exception des automobiles et des motocycles",,"Commerce de gros (commerce interentreprises) non spécialisé"
"47.11A","Commerce de détail, à l’exception des automobiles et des motocycles",,"Commerce de détail de produits surgelés"
"47.11B","Commerce de détail, à l’exception des automobiles et des motocycles",,"Commerce d'alimentation générale"
"47.11C","Commerce de détail, à l’exception des automobiles et des motocycles",,"Supérettes"
"47.11D","Commerce de détail, à l’exception des automobiles et des motocycles",,"Supermarchés"
"47.11E","Commerce de détail, à l’exception des automobiles et des motocycles",,"Magasins multi-commerces"
"47.11F","Commerce de détail, à l’exception des automobiles et des motocycles",,"Hypermarchés"
"47.19A","Commerce de détail, à l’exception des automobiles et des motocycles",,"Grands magasins"
"47.19B","Commerce de détail, à l’exception des automobiles et des motocycles",,"Autres commerces de détail en magasin non spécialisé"
"47.21Z","Commerce de détail, à l’exception des automobiles et des motocycles",,"Commerce de détail de fruits et légumes en magasin spécialisé"
"47.22Z","Commerce de détail, à l’exception des automobiles et des motocycles",,"Commerce de détail de viandes et de produits à base de viande en magasin spécialisé"
"47.23Z","Commerce de détail, à l’exception des automobiles et des motocycles",,"Commerce de détail de poissons, crustacés et mollusques en magasin spécialisé"
"47.24Z","Commerce de détail, à l’exception des automobiles et des motocycles",,"Commerce de détail de pain, pâtisserie et confiserie en magasin spécialisé"
"47.25Z","Commerce de détail, à l’exception des automobiles et des motocycles",,"Commerce de détail de boissons en magasin spécialisé"
"47.26Z","Commerce de détail, à l’exception des automobiles et des motocycles",,"Commerce de détail de produits à base de tabac en magasin spécialisé"
"47.29Z","Commerce de détail, à l’exception des automobiles et des motocycles",,"Autres commerces de détail alimentaires en magasin spécialisé "
"47.30Z","Commerce de détail, à l’exception des automobiles et des motocycles",,"Commerce de détail de carburants en magasin spécialisé"
"47.41Z","Commerce de détail, à l’exception des automobiles et des motocycles",,"Commerce de détail d'ordinateurs, d'unités périphériques et de logiciels en magasin spécialisé"
"47.42Z","Commerce de détail, à l’exception des automobiles et des motocycles",,"Commerce de détail de matériels de télécommunication en magasin spécialisé"
"47.43Z","Commerce de détail, à l’exception des automobiles et des motocycles",,"Commerce de détail de matériels audio et vidéo en magasin spécialisé"
"47.51Z","Commerce de détail, à l’exception des automobiles et des motocycles",,"Commerce de détail de textiles en magasin spécialisé"
"47.52A","Commerce de détail, à l’exception des automobiles et des motocycles",,"Commerce de détail de quincaillerie, peintures et verres en petites surfaces (moins de 400 m2)"
"47.52B","Commerce de détail, à l’exception des automobiles et des motocycles",,"Commerce de détail de quincaillerie, peintures et verres en grandes surfaces (400 m2et plus)"
"47.53Z","Commerce de détail, à l’exception des automobiles et des motocycles",,"Commerce de détail de tapis, moquettes et revêtements de murs et de sols en magasin spécialisé"
"47.54Z","Commerce de détail, à l’exception des automobiles et des motocycles",,"Commerce de détail d'appareils électroménagers en magasin spécialisé"
"47.59A","Commerce de détail, à l’exception des automobiles et des motocycles",,"Commerce de détail de meubles"
"47.59B","Commerce de détail, à l’exception des automobiles et des motocycles",,"Commerce de détail d'autres équipements du foyer"
"47.61Z","Commerce de détail, à l’exception des automobiles et des motocycles",,"Commerce de détail de livres en magasin spécialisé"
"47.62Z","Commerce de détail, à l’exception des automobiles et des motocycles",,"Commerce de détail de journaux et papeterie en magasin spécialisé"
"47.63Z","Commerce de détail, à l’exception des automobiles et des motocycles",,"Commerce de détail d'enregistrements musicaux et vidéo en magasin spécialisé"
"47.64Z","Commerce de détail, à l’exception des automobiles et des motocycles",,"Commerce de détail d'articles de sport en magasin spécialisé"
"47.65Z","Commerce de détail, à l’exception des automobiles et des motocycles",,"Commerce de détail de jeux et jouets en magasin spécialisé"
"47.71Z","Commerce de détail, à l’exception des automobiles et des motocycles",,"Commerce de détail d'habillement en magasin spécialisé"
"47.72A","Commerce de détail, à l’exception des automobiles et des motocycles",,"Commerce de détail de la chaussure"
"47.72B","Commerce de détail, à l’exception des automobiles et des motocycles",,"Commerce de détail de maroquinerie et d'articles de voyage"
"47.73Z","Commerce de détail, à l’exception des automobiles et des motocycles",,"Commerce de détail de produits pharmaceutiques en magasin spécialisé"
"47.74Z","Commerce de détail, à l’exception des automobiles et des motocycles",,"Commerce de détail d'articles médicaux et orthopédiques en magasin spécialisé"
"47.75Z","Commerce de détail, à l’exception des automobiles et des motocycles",,"Commerce de détail de parfumerie et de produits de beauté en magasin spécialisé"
"47.76Z","Commerce de détail, à l’exception des automobiles et des motocycles",,"Commerce de détail de fleurs, plantes, graines, engrais, animaux de compagnie et aliments pour ces animaux en magasin spécialisé"
"47.77Z","Commerce de détail, à l’exception des automobiles et des motocycles",,"Commerce de détail d'articles d'horlogerie et de bijouterie en magasin spécialisé"
"47.78A","Commerce de détail, à l’exception des automobiles et des motocycles",,"Commerces de détail d'optique"
"47.78B","Commerce de détail, à l’exception des automobiles et des motocycles",,"Commerces de détail de charbons et combustibles"
"47.78C","Commerce de détail, à l’exception des automobiles et des motocycles",,"Autres commerces de détail spécialisés divers"
"47.79Z","Commerce de détail, à l’exception des automobiles et des motocycles",,"Commerce de détail de biens d'occasion en magasin"
"47.81Z","Commerce de détail, à l’exception des automobiles et des motocycles",,"Commerce de détail alimentaire sur éventaires et marchés"
"47.82Z","Commerce de détail, à l’exception des automobiles et des motocycles",,"Commerce de détail de textiles, d'habillement et de chaussures sur éventaires et marchés"
"47.89Z","Commerce de détail, à l’exception des automobiles et des motocycles",,"Autres commerces de détail sur éventaires et marchés"
"47.91A","Commerce de détail, à l’exception des automobiles et des motocycles",,"Vente à distance sur catalogue général"
"47.91B","Commerce de détail, à l’exception des automobiles et des motocycles",,"Vente à distance sur catalogue spécialisé"
"47.99A","Commerce de détail, à l’exception des automobiles et des motocycles",,"Vente à domicile"
"47.99B","Commerce de détail, à l’exception des automobiles et des motocycles",,"Vente par automates et autres commerces de détail hors magasin, éventaires ou marchés n.c.a."
"49.10Z","Transports terrestres et transport par conduites","Transport","Transport ferroviaire interurbain de voyageurs"
"49.20Z","Transports terrestres et transport par conduites","Transport","Transports ferroviaires de fret "
"49.31Z","Transports terrestres et transport par conduites","Transport","Transports urbains et suburbains de voyageurs"
"49.32Z","Transports terrestres et transport par conduites","Transport","Transports de voyageurs par taxis"
"49.39A","Transports terrestres et transport par conduites","Transport","Transports routiers réguliers de voyageurs"
"49.39B","Transports terrestres et transport par conduites","Transport","Autres transports routiers de voyageurs "
"49.39C","Transports terrestres et transport par conduites","Transport","Téléphériques et remontées mécaniques"
"49.41A","Transports terrestres et transport par conduites","Transport","Transports routiers de fret interurbains"
"49.41B","Transports terrestres et transport par conduites","Transport","Transports routiers de fret de proximité"
"49.41C","Transports terrestres et transport par conduites","Transport","Location de camions avec chauffeur"
"49.42Z","Transports terrestres et transport par conduites","Transport","Services de déménagement"
"49.50Z","Transports terrestres et transport par conduites","Transport","Transports par conduites"
"50.10Z","Transports par eau","Transport","Transports maritimes et côtiers de passagers"
"50.20Z","Transports par eau","Transport","Transports maritimes et côtiers de fret"
"50.30Z","Transports par eau","Transport","Transports fluviaux de passagers"
"50.40Z","Transports par eau","Transport","Transports fluviaux de fret "
"51.10Z","Transports aériens","Transport aérien","Transports aériens de passagers"
"51.21Z","Transports aériens","Transport aérien","Transports aériens de fret"
"51.22Z","Transports aériens","Transport aérien","Transports spatiaux"
"52.10A","Entreposage et services auxiliaires des transports","Transport","Entreposage et stockage frigorifique"
"52.10B","Entreposage et services auxiliaires des transports","Transport","Entreposage et stockage non frigorifique"
"52.21Z","Entreposage et services auxiliaires des transports","Transport","Services auxiliaires des transports terrestres"
"52.22Z","Entreposage et services auxiliaires des transports","Transport","Services auxiliaires des transports par eau"
"52.23Z","Entreposage et services auxiliaires des transports","Transport","Services auxiliaires des transports aériens"
"52.24A","Entreposage et services auxiliaires des transports","Transport","Manutention portuaire"
"52.24B","Entreposage et services auxiliaires des transports","Transport","Manutention non portuaire"
"52.29A","Entreposage et services auxiliaires des transports","Transport","Messagerie, fret express"
"52.29B","Entreposage et services auxiliaires des transports","Transport","Affrètement et organisation des transports "
"53.10Z","Activités de poste et de courrier","Postal","Activités de poste dans le cadre d'une obligation de service universel "
"53.20Z","Activités de poste et de courrier","Poste/Courrier","Autres activités de poste et de courrier"
"55.10Z","Hébergement","Poste/Courrier","Hôtels et hébergement similaire "
"55.20Z","Hébergement",,"Hébergement touristique et autre hébergement de courte durée "
"55.30Z","Hébergement",,"Terrains de camping et parcs pour caravanes ou véhicules de loisirs"
"55.90Z","Hébergement",,"Autres hébergements "
"56.10A","Restauration",,"Restauration traditionnelle"
"56.10B","Restauration",,"Cafétérias et autres libres-services"
"56.10C","Restauration",,"Restauration de type rapide"
"56.21Z","Restauration",,"Services des traiteurs "
"56.29A","Restauration",,"Restauration collective sous contrat"
"56.29B","Restauration",,"Autres services de restauration n.c.a."
"56.30Z","Restauration",,"Débits de boissons"
"58.11Z","Édition","Télécommunication","Édition de livres"
"58.12Z","Édition","Télécommunication","Édition de répertoires et de fichiers d'adresses"
"58.13Z","Édition","Télécommunication","Édition de journaux"
"58.14Z","Édition","Télécommunication","Édition de revues et périodiques"
"58.19Z","Édition","Télécommunication","Autres activités d'édition"
"58.21Z","Édition","Télécommunication","Édition de jeux électroniques"
"58.29A","Édition","Télécommunication","Édition de logiciels système et de réseau"
"58.29B","Édition","Télécommunication","Edition de logiciels outils de développement et de langages"
"58.29C","Édition","Télécommunication","Edition de logiciels applicatifs"
"59.11A","Production de films cinématographiques, de vidéo et de programmes de télévision ; enregistrement sonore et édition musicale","Télécommunication","Production de films et de programmes pour la télévision "
"59.11B","Production de films cinématographiques, de vidéo et de programmes de télévision ; enregistrement sonore et édition musicale","Télécommunication","Production de films institutionnels et publicitaires"
"59.11C","Production de films cinématographiques, de vidéo et de programmes de télévision ; enregistrement sonore et édition musicale","Télécommunication","Production de films pour le cinéma"
"59.12Z","Production de films cinématographiques, de vidéo et de programmes de télévision ; enregistrement sonore et édition musicale","Télécommunication","Post-production de films cinématographiques, de vidéo et de programmes de télévision"
"59.13A","Production de films cinématographiques, de vidéo et de programmes de télévision ; enregistrement sonore et édition musicale","Télécommunication","Distribution de films cinématographiques"
"59.13B","Production de films cinématographiques, de vidéo et de programmes de télévision ; enregistrement sonore et édition musicale","Télécommunication","Edition et distribution vidéo"
"59.14Z","Production de films cinématographiques, de vidéo et de programmes de télévision ; enregistrement sonore et édition musicale","Télécommunication","Projection de films cinématographiques"
"59.20Z","Production de films cinématographiques, de vidéo et de programmes de télévision ; enregistrement sonore et édition musicale","Télécommunication","Enregistrement sonore et édition musicale "
"60.10Z","Programmation et diffusion","Télécommunication","Édition et diffusion de programmes radio"
"60.20A","Programmation et diffusion","Télécommunication","Edition de chaînes généralistes"
"60.20B","Programmation et diffusion","Télécommunication","Edition de chaînes thématiques"
"61.10Z","Télécommunications","Télécommunication","Télécommunications filaires"
"61.20Z","Télécommunications","Télécommunication","Télécommunications sans fil "
"61.30Z","Télécommunications","Télécommunication","Télécommunications par satellite"
"61.90Z","Télécommunications","Télécommunication","Autres activités de télécommunication "
"62.01Z","Programmation, conseil et autres activités informatiques ","Télécommunication","Programmation informatique"
"62.02A","Programmation, conseil et autres activités informatiques ","Télécommunication","Conseil en systèmes et logiciels informatiques"
"62.02B","Programmation, conseil et autres activités informatiques ","Télécommunication","Tierce maintenance de systèmes et d’applications informatiques"
"62.03Z","Programmation, conseil et autres activités informatiques ","Télécommunication","Gestion d'installations informatiques"
"62.09Z","Programmation, conseil et autres activités informatiques ","Télécommunication","Autres activités informatiques"
"63.11Z","Services d'information","Télécommunication","Traitement de données, hébergement et activités connexes"
"63.12Z","Services d'information","Télécommunication","Portails Internet"
"63.91Z","Services d'information","Télécommunication","Activités des agences de presse"
"63.99Z","Services d'information","Télécommunication","Autres services d'information n.c.a."
"64.11Z","Activités des services financiers, hors assurance et caisses de retraite","Banque/Assurance","Activités de banque centrale"
"64.19Z","Activités des services financiers, hors assurance et caisses de retraite","Banque/Assurance","Autres intermédiations monétaires"
"64.20Z","Activités des services financiers, hors assurance et caisses de retraite","Banque/Assurance","Activités des sociétés holding"
"64.30Z","Activités des services financiers, hors assurance et caisses de retraite","Banque/Assurance","Fonds de placement et entités financières similaires"
"64.91Z","Activités des services financiers, hors assurance et caisses de retraite","Banque/Assurance","Crédit-bail "
"64.92Z","Activités des services financiers, hors assurance et caisses de retraite","Banque/Assurance","Autre distribution de crédit"
"64.99Z","Activités des services financiers, hors assurance et caisses de retraite","Banque/Assurance","Autres activités des services financiers, hors assurance et caisses de retraite, n.c.a."
"65.11Z","Assurance","Banque/Assurance","Assurance vie"
"65.12Z","Assurance","Banque/Assurance","Autres assurances"
"65.20Z","Assurance","Banque/Assurance","Réassurance"
"65.30Z","Assurance","Banque/Assurance","Caisses de retraite"
"66.11Z","Activités auxiliaires de services financiers et d'assurance ","Banque/Assurance","Administration de marchés financiers"
"66.12Z","Activités auxiliaires de services financiers et d'assurance ","Banque/Assurance","Courtage de valeurs mobilières et de marchandises"
"66.19A","Activités auxiliaires de services financiers et d'assurance ","Banque/Assurance","Supports juridiques de gestion de patrimoine mobilier"
"66.19B","Activités auxiliaires de services financiers et d'assurance ","Banque/Assurance","Autres activités auxiliaires de services financiers, hors assurance et caisses de retraite, n.c.a."
"66.21Z","Activités auxiliaires de services financiers et d'assurance ","Banque/Assurance","Évaluation des risques et dommages"
"66.22Z","Activités auxiliaires de services financiers et d'assurance ","Banque/Assurance","Activités des agents et courtiers d'assurances"
"66.29Z","Activités auxiliaires de services financiers et d'assurance ","Banque/Assurance","Autres activités auxiliaires d'assurance et de caisses de retraite"
"66.30Z","Activités auxiliaires de services financiers et d'assurance ","Banque/Assurance","Gestion de fonds"
"68.10Z","Activités immobilières","Immobilier","Activités des marchands de biens immobiliers"
"68.20A","Activités immobilières","Immobilier","Location de logements"
"68.20B","Activités immobilières","Immobilier","Location de terrains et d'autres biens immobiliers"
"68.31Z","Activités immobilières","Immobilier","Agences immobilières"
"68.32A","Activités immobilières","Immobilier","Administration d'immeubles et autres biens immobiliers"
"68.32B","Activités immobilières","Immobilier","Supports juridiques de gestion de patrimoine immobilier"
"69.10Z","Activités juridiques et comptables",,"Activités juridiques"
"69.20Z","Activités juridiques et comptables",,"Activités comptables"
"70.10Z","Activités des sièges sociaux ; conseil de gestion",,"Activités des sièges sociaux"
"70.21Z","Activités des sièges sociaux ; conseil de gestion",,"Conseil en relations publiques et communication"
"70.22Z","Activités des sièges sociaux ; conseil de gestion",,"Conseil pour les affaires et autres conseils de gestion"
"71.11Z","Activités d'architecture et d'ingénierie ; activités de contrôle et analyses techniques",,"Activités d'architecture "
"71.12A","Activités d'architecture et d'ingénierie ; activités de contrôle et analyses techniques",,"Activité des géomètres"
"71.12B","Activités d'architecture et d'ingénierie ; activités de contrôle et analyses techniques",,"Ingénierie, études techniques"
"71.20A","Activités d'architecture et d'ingénierie ; activités de contrôle et analyses techniques",,"Contrôle technique automobile"
"71.20B","Activités d'architecture et d'ingénierie ; activités de contrôle et analyses techniques",,"Analyses, essais et inspections techniques"
"72.11Z","Recherche-développement scientifique",,"Recherche-développement en biotechnologie"
"72.19Z","Recherche-développement scientifique",,"Recherche-développement en autres sciences physiques et naturelles"
"72.20Z","Recherche-développement scientifique",,"Recherche-développement en sciences humaines et sociales"
"73.11Z","Publicité et études de marché",,"Activités des agences de publicité"
"73.12Z","Publicité et études de marché",,"Régie publicitaire de médias"
"73.20Z","Publicité et études de marché",,"Études de marché et sondages"
"74.10Z","Autres activités spécialisées, scientifiques et techniques",,"Activités spécialisées de design"
"74.20Z","Autres activités spécialisées, scientifiques et techniques",,"Activités photographiques"
"74.30Z","Autres activités spécialisées, scientifiques et techniques",,"Traduction et interprétation"
"74.90A","Autres activités spécialisées, scientifiques et techniques",,"Activité des économistes de la construction"
"74.90B","Autres activités spécialisées, scientifiques et techniques",,"Activités spécialisées, scientifiques et techniques diverses"
"75.00Z","Activités vétérinaires",,"Activités vétérinaires"
"77.11A","Activités de location et location-bail",,"Location de courte durée de voitures et de véhicules automobiles légers"
"77.11B","Activités de location et location-bail",,"Location de longue durée de voitures et de véhicules automobiles légers"
"77.12Z","Activités de location et location-bail",,"Location et location-bail de camions"
"77.21Z","Activités de location et location-bail",,"Location et location-bail d'articles de loisirs et de sport "
"77.22Z","Activités de location et location-bail",,"Location de vidéocassettes et disques vidéo"
"77.29Z","Activités de location et location-bail",,"Location et location-bail d'autres biens personnels et domestiques"
"77.31Z","Activités de location et location-bail",,"Location et location-bail de machines et équipements agricoles"
"77.32Z","Activités de location et location-bail",,"Location et location-bail de machines et équipements pour la construction"
"77.33Z","Activités de location et location-bail",,"Location et location-bail de machines de bureau et de matériel informatique"
"77.34Z","Activités de location et location-bail",,"Location et location-bail de matériels de transport par eau"
"77.35Z","Activités de location et location-bail",,"Location et location-bail de matériels de transport aérien"
"77.39Z","Activités de location et location-bail",,"Location et location-bail d'autres machines, équipements et biens matériels n.c.a. "
"77.40Z","Activités de location et location-bail",,"Location-bail de propriété intellectuelle et de produits similaires, à l'exception des œuvres soumises à copyright"
"78.10Z","Activités liées à l'emploi",,"Activités des agences de placement de main-d'œuvre "
"78.20Z","Activités liées à l'emploi",,"Activités des agences de travail temporaire "
"78.30Z","Activités liées à l'emploi",,"Autre mise à disposition de ressources humaines"
"79.11Z","Activités des agences de voyage, voyagistes, services de réservation et activités connexes",,"Activités des agences de voyage"
"79.12Z","Activités des agences de voyage, voyagistes, services de réservation et activités connexes",,"Activités des voyagistes"
"79.90Z","Activités des agences de voyage, voyagistes, services de réservation et activités connexes",,"Autres services de réservation et activités connexes"
"80.10Z","Enquêtes et sécurité",,"Activités de sécurité privée "
"80.20Z","Enquêtes et sécurité",,"Activités liées aux systèmes de sécurité "
"80.30Z","Enquêtes et sécurité",,"Activités d'enquête"
"81.10Z","Services relatifs aux bâtiments et aménagement paysager",,"Activités combinées de soutien lié aux bâtiments "
"81.21Z","Services relatifs aux bâtiments et aménagement paysager",,"Nettoyage courant des bâtiments"
"81.22Z","Services relatifs aux bâtiments et aménagement paysager",,"Autres activités de nettoyage des bâtiments et nettoyage industriel"
"81.29A","Services relatifs aux bâtiments et aménagement paysager",,"Désinfection, désinsectisation, dératisation"
"81.29B","Services relatifs aux bâtiments et aménagement paysager",,"Autres activités de nettoyage n.c.a."
"81.30Z","Services relatifs aux bâtiments et aménagement paysager",,"Services d'aménagement paysager "
"82.11Z","Activités administratives et autres activités de soutien aux entreprises",,"Services administratifs combinés de bureau"
"82.19Z","Activités administratives et autres activités de soutien aux entreprises",,"Photocopie, préparation de documents et autres activités spécialisées de soutien de bureau"
"82.20Z","Activités administratives et autres activités de soutien aux entreprises",,"Activités de centres d'appels"
"82.30Z","Activités administratives et autres activités de soutien aux entreprises",,"Organisation de foires, salons professionnels et congrès"
"82.91Z","Activités administratives et autres activités de soutien aux entreprises",,"Activités des agences de recouvrement de factures et des sociétés d'information financière sur la clientèle"
"82.92Z","Activités administratives et autres activités de soutien aux entreprises",,"Activités de conditionnement"
"82.99Z","Activités administratives et autres activités de soutien aux entreprises",,"Autres activités de soutien aux entreprises n.c.a."
"84.11Z","Administration publique et défense ; sécurité sociale obligatoire","Administration publique","Administration publique générale"
"84.12Z","Administration publique et défense ; sécurité sociale obligatoire","Administration publique","Administration publique (tutelle) de la santé, de la formation, de la culture et des services sociaux, autre que sécurité sociale "
"84.13Z","Administration publique et défense ; sécurité sociale obligatoire","Administration publique","Administration publique (tutelle) des activités économiques"
"84.21Z","Administration publique et défense ; sécurité sociale obligatoire","Administration publique","Affaires étrangères"
"84.22Z","Administration publique et défense ; sécurité sociale obligatoire","Administration publique","Défense"
"84.23Z","Administration publique et défense ; sécurité sociale obligatoire","Administration publique","Justice"
"84.24Z","Administration publique et défense ; sécurité sociale obligatoire","Administration publique","Activités d’ordre public et de sécurité"
"84.25Z","Administration publique et défense ; sécurité sociale obligatoire","Administration publique","Services du feu et de secours"
"84.30A","Administration publique et défense ; sécurité sociale obligatoire","Administration publique","Activités générales de sécurité sociale"
"84.30B","Administration publique et défense ; sécurité sociale obligatoire","Administration publique","Gestion des retraites complémentaires"
"84.30C","Administration publique et défense ; sécurité sociale obligatoire","Administration publique","Distribution sociale de revenus"
"85.10Z","Enseignement","Enseignement","Enseignement pré-primaire"
"85.20Z","Enseignement","Enseignement","Enseignement primaire"
"85.31Z","Enseignement","Enseignement","Enseignement secondaire général"
"85.32Z","Enseignement","Enseignement","Enseignement secondaire technique ou professionnel"
"85.41Z","Enseignement","Enseignement","Enseignement post-secondaire non supérieur"
"85.42Z","Enseignement","Enseignement","Enseignement supérieur"
"85.51Z","Enseignement","Enseignement","Enseignement de disciplines sportives et d'activités de loisirs"
"85.52Z","Enseignement","Enseignement","Enseignement culturel"
"85.53Z","Enseignement","Enseignement","Enseignement de la conduite"
"85.59A","Enseignement","Enseignement","Formation continue d'adultes"
"85.59B","Enseignement","Enseignement","Autres enseignements"
"85.60Z","Enseignement","Enseignement","Activités de soutien à l'enseignement"
"86.10Z","Activités pour la santé humaine","Activités sociales","Activités hospitalières"
"86.21Z","Activités pour la santé humaine","Activités sociales","Activité des médecins généralistes"
"86.22A","Activités pour la santé humaine","Activités sociales","Activités de radiodiagnostic et de radiothérapie"
"86.22B","Activités pour la santé humaine","Activités sociales","Activités chirurgicales"
"86.22C","Activités pour la santé humaine","Activités sociales","Autres activités des médecins spécialistes"
"86.23Z","Activités pour la santé humaine","Activités sociales","Pratique dentaire"
"86.90A","Activités pour la santé humaine","Activités sociales","Ambulances"
"86.90B","Activités pour la santé humaine","Activités sociales","Laboratoires d'analyses médicales"
"86.90C","Activités pour la santé humaine","Activités sociales","Centres de collecte et banques d'organes"
"86.90D","Activités pour la santé humaine","Activités sociales","Activités des infirmiers et des sages-femmes"
"86.90E","Activités pour la santé humaine","Activités sociales","Activités des professionnels de la rééducation, de l’appareillage et des pédicures-podologues"
"86.90F","Activités pour la santé humaine","Activités sociales","Activités de santé humaine non classées ailleurs"
"87.10A","Hébergement médico-social et social","Activités sociales","Hébergement médicalisé pour personnes âgées"
"87.10B","Hébergement médico-social et social","Activités sociales","Hébergement médicalisé pour enfants handicapés "
"87.10C","Hébergement médico-social et social","Activités sociales","Hébergement médicalisé pour adultes handicapés et autre hébergement médicalisé "
"87.20A","Hébergement médico-social et social","Activités sociales","Hébergement social pour handicapés mentaux et malades mentaux "
"87.20B","Hébergement médico-social et social","Activités sociales","Hébergement social pour toxicomanes"
"87.30A","Hébergement médico-social et social","Activités sociales","Hébergement social pour personnes âgées"
"87.30B","Hébergement médico-social et social","Activités sociales","Hébergement social pour handicapés  physiques"
"87.90A","Hébergement médico-social et social","Activités sociales","Hébergement social pour enfants en difficultés "
"87.90B","Hébergement médico-social et social","Activités sociales","Hébergement social pour adultes et familles en difficultés et autre hébergement social "
"88.10A","Action sociale sans hébergement","Activités sociales","Aide à domicile  "
"88.10B","Action sociale sans hébergement","Activités sociales","Accueil ou accompagnement sans hébergement d’adultes handicapés ou de  personnes âgées"
"88.10C","Action sociale sans hébergement","Activités sociales","Aide par le travail "
"88.91A","Action sociale sans hébergement","Activités sociales","Accueil de jeunes enfants"
"88.91B","Action sociale sans hébergement","Activités sociales","Accueil ou accompagnement sans hébergement d’enfants handicapés"
"88.99A","Action sociale sans hébergement","Activités sociales","Autre accueil ou accompagnement sans hébergement d’enfants et d’adolescents"
"88.99B","Action sociale sans hébergement","Activités sociales","Action sociale sans hébergement n.c.a."
"90.01Z","Activités créatives, artistiques et de spectacle ","Culture","Arts du spectacle vivant"
"90.02Z","Activités créatives, artistiques et de spectacle ","Culture","Activités de soutien au spectacle vivant"
"90.03A","Activités créatives, artistiques et de spectacle ","Culture","Création artistique relevant des arts plastiques"
"90.03B","Activités créatives, artistiques et de spectacle ","Culture","Autre création artistique"
"90.04Z","Activités créatives, artistiques et de spectacle ","Culture","Gestion de salles de spectacles"
"91.01Z","Bibliothèques, archives, musées et autres activités culturelles","Culture","Gestion des bibliothèques et des archives"
"91.02Z","Bibliothèques, archives, musées et autres activités culturelles","Culture","Gestion des musées"
"91.03Z","Bibliothèques, archives, musées et autres activités culturelles","Culture","Gestion des sites et monuments historiques et des attractions touristiques similaires"
"91.04Z","Bibliothèques, archives, musées et autres activités culturelles","Culture","Gestion des jardins botaniques et zoologiques et des réserves naturelles"
"92.00Z","Organisation de jeux de hasard et d'argent","Culture","Organisation de jeux de hasard et d'argent"
"93.11Z","Activités sportives, récréatives et de loisirs","Culture","Gestion d'installations sportives"
"93.12Z","Activités sportives, récréatives et de loisirs","Culture","Activités de clubs de sports"
"93.13Z","Activités sportives, récréatives et de loisirs","Culture","Activités des centres de culture physique"
"93.19Z","Activités sportives, récréatives et de loisirs","Culture","Autres activités liées au sport"
"93.21Z","Activités sportives, récréatives et de loisirs","Culture","Activités des parcs d'attractions et parcs à thèmes"
"93.29Z","Activités sportives, récréatives et de loisirs","Culture","Autres activités récréatives et de loisirs"
"94.11Z","Activités des organisations associatives","Activités associatives","Activités des organisations patronales et consulaires"
"94.12Z","Activités des organisations associatives","Activités associatives","Activités des organisations professionnelles"
"94.20Z","Activités des organisations associatives","Activités associatives","Activités des syndicats de salariés"
"94.91Z","Activités des organisations associatives","Activités associatives","Activités des organisations religieuses"
"94.92Z","Activités des organisations associatives","Activités associatives","Activités des organisations politiques"
"94.99Z","Activités des organisations associatives","Activités associatives","Autres organisations fonctionnant par adhésion volontaire"
"95.11Z","Réparation d'ordinateurs et de biens personnels et domestiques","Maintenance","Réparation d'ordinateurs et d'équipements périphériques"
"95.12Z","Réparation d'ordinateurs et de biens personnels et domestiques","Maintenance","Réparation d'équipements de communication"
"95.21Z","Réparation d'ordinateurs et de biens personnels et domestiques","Maintenance","Réparation de produits électroniques grand public"
"95.22Z","Réparation d'ordinateurs et de biens personnels et domestiques","Maintenance","Réparation d'appareils électroménagers et d'équipements pour la maison et le jardin"
"95.23Z","Réparation d'ordinateurs et de biens personnels et domestiques","Maintenance","Réparation de chaussures et d'articles en cuir"
"95.24Z","Réparation d'ordinateurs et de biens personnels et domestiques","Maintenance","Réparation de meubles et d'équipements du foyer"
"95.25Z","Réparation d'ordinateurs et de biens personnels et domestiques","Maintenance","Réparation d'articles d'horlogerie et de bijouterie"
"95.29Z","Réparation d'ordinateurs et de biens personnels et domestiques","Maintenance","Réparation d'autres biens personnels et domestiques"
"96.01A","Autres services personnels",,"Blanchisserie-teinturerie de gros"
"96.01B","Autres services personnels",,"Blanchisserie-teinturerie de détail"
"96.02A","Autres services personnels",,"Coiffure"
"96.02B","Autres services personnels",,"Soins de beauté"
"96.03Z","Autres services personnels",,"Services funéraires"
"96.04Z","Autres services personnels",,"Entretien corporel"
"96.09Z","Autres services personnels",,"Autres services personnels n.c.a."
"97.00Z","Activités des ménages en tant qu'employeurs de personnel domestique",,"Activités des ménages en tant qu'employeurs de personnel domestique"
"98.10Z","Activités indifférenciées des ménages en tant que producteurs de biens et services pour usage propre",,"Activités indifférenciées des ménages en tant que producteurs de biens pour usage propre"
"98.20Z","Activités indifférenciées des ménages en tant que producteurs de biens et services pour usage propre",,"Activités indifférenciées des ménages en tant que producteurs de services pour usage propre"
"99.00Z","Activités des organisations et organismes extraterritoriaux",,"Activités des organisations et organismes extraterritoriaux"
