"ACO","Accessoire/Objet","Ventilateur ","Spécifique",
"ACO","Accessoire/Objet","Télévision","Spécifique",
"ACO","Accessoire/Objet","Ordinateur","Spécifique",
"ACO","Accessoire/Objet","Climatiseur","Spécifique",
"ACO","Accessoire/Objet","Objet de décoration","Spécifique",
"ACO","Accessoire/Objet","Divers","Spécifique",
"AGE","Agencement","Façade","Aluminium",
"AGE","Agencement","Façade","Trespa ",
"AGE","Agencement","Façade","PVC",
"AGE","Agencement","Façade","Alucobond",
"AGE","Agencement","Poteau","Alucobond",
"AGE","Agencement","Poteau","Trespa ",
"AGE","Agencement","Poteau","Aluminium",
"AGE","Agencement","Poteau","PVC",
"AGE","Agencement","Stand","Acier",
"AGE","Agencement","Stand","Bois",
"DRA","Drapeau","Tablette lumineuse","Aluminium",
"DRA","Drapeau","Tablette lumineuse","Alucobond",
"DRA","Drapeau","Tablette lumineuse","PVC",
"DRA","Drapeau","Tablette lumineuse","Altuglass",
"DRA","Drapeau","Tablette lumineuse","Trespa",
"DRA","Drapeau","Tablette non lumineuse","Aluminium",
"DRA","Drapeau","Tablette non lumineuse","Alucobond",
"DRA","Drapeau","Tablette non lumineuse","PVC",
"DRA","Drapeau","Tablette non lumineuse","Altuglass",
"DRA","Drapeau","Tablette non lumineuse","Alutglass",
"DRA","Drapeau","Caisson lumineux","Toile tendue",
"DRA","Drapeau","Caisson lumineux","Profilé standard Aluminium",
"DRA","Drapeau","Caisson lumineux","Alucobond",
"DRA","Drapeau","Caisson lumineux","PVC",
"DRA","Drapeau","Caisson lumineux","Altuglass",
"DRA","Drapeau","Caisson lumineux","Trespa",
"ECL","Éclairage","Rampe","LED",
"ECL","Éclairage","Rampe","Néon",
"ECL","Éclairage","Rampe","Tube fluorescent",
"ECL","Éclairage","Rampe","Halogène",
"ECL","Éclairage","Projecteur","Tube fluorescent",
"ECL","Éclairage","Projecteur","Halogène",
"ECL","Éclairage","Projecteur","LED",
"ECL","Éclairage","Néon","Haute tension",
